date,description,amount,provider
25/05/2024,NORTH SANDWICH&BURGER,-10.69,AMEX
25/05/2024,NORTH SANDWICH&BURGER 6 CHIPPENDALE,53.45,AMEX
25/05/2024,POCKET ROCKETZ          Ultimo,36.48,AMEX
25/05/2024,PROVENANCE BY ANDREW BA Ultimo,36.48,AMEX
25/05/2024,SHERIDAN OUTLET         KEW,26.0,AMEX
25/05/2024,SMOKEY SUE'S            Haymarket,38.0,AMEX
25/05/2024,THE Q ON HARRIS,-0.8,AMEX
25/05/2024,THE Q ON HARRIS 58996   ULTIMO,4.0,AMEX
24/05/2024,GRAM CAFE THE GALERIES,-2.96,AMEX
23/05/2024,GRAM CAFE THE GALERIES  Sydney,14.82,AMEX
22/05/2024,BPAY PAYMENT-THANK YOU REC # 8112686749,-3789.15,AMEX
23/05/2024,EDITION ROASTERS MC,-1.2,AMEX
23/05/2024,EDITION ROASTERS MC 124 SYDNEY,6.0,AMEX
24/05/2024,PAYPAL *CANCERCOUNC     01300656585,5.28,AMEX
23/05/2024,BOOM CAFE,-4.0,AMEX
22/05/2024,BOOM CAFE 111667        EASTWOOD,20.0,AMEX
23/05/2024,COLES WEST RYDE 968     WEST RYDE,34.65,AMEX
21/05/2024,ESSENTIAL THAI PTY LTD  EASTWOOD,60.9,AMEX
20/05/2024,LIM'S HOT BREAD         Eastwood,9.6,AMEX
20/05/2024,CENTURY VENUES MARRICKV MARRICKVILLE,112.0,AMEX
20/05/2024,EDITION ROASTERS,-1.32,AMEX
20/05/2024,EDITION ROASTERS 79951  HAYMARKET,6.6,AMEX
18/05/2024,KAPPUCCINO,-0.84,AMEX
18/05/2024,KAPPUCCINO              Ultimo,4.2,AMEX
19/05/2024,KINDLE SVCS             503-7150002,19.99,AMEX
19/05/2024,WOOLWORTHS 1129 MACQUAR NORTH RYDE,3.0,AMEX
18/05/2024,PAYPAL *UFC.TV          5166228300,10.99,AMEX
18/05/2024,THE Q ON HARRIS,-0.8,AMEX
18/05/2024,THE Q ON HARRIS 58996   ULTIMO,4.0,AMEX
17/05/2024,EDITION ROASTERS 79951  HAYMARKET,6.0,AMEX
18/05/2024,MYHEALTH DARLING SQUARE SYDNEY,72.47,AMEX
17/05/2024,THE Q ON HARRIS 58996   ULTIMO,4.0,AMEX
16/05/2024,CITY DAE JANG KUM       HAYMARKET,51.9,AMEX
17/05/2024,HARRIS FARM MARKETS     BROADWAY,18.99,AMEX
16/05/2024,ZILIA                   SYDNEY,7.65,AMEX
14/05/2024,EDITION ROASTERS MC 124 SYDNEY,5.0,AMEX
16/05/2024,GUZMAN Y GOMEZ MARTIN P SYDNEY,16.9,AMEX
14/05/2024,AN VIET EASTWOOD PTY 16 EASTWOOD,19.9,AMEX
13/05/2024,GLOBIRD ENERGY PTY LTD  RINGWOOD,33.74,AMEX
13/05/2024,LS PRIDE ONE HOLDINGS   RYDE,9.4,AMEX
13/05/2024,PANTRY STORY            STANMORE,34.81,AMEX
12/05/2024,Craig Cook The Natural  BROADWAY,20.31,AMEX
12/05/2024,HARRIS FARM MARKETS     BROADWAY,22.99,AMEX
11/05/2024,LS VIA ARTISTS          SYDNEY,138.0,AMEX
12/05/2024,MUJI RETAIL (AUSTRALIA) SYDNEY,3.75,AMEX
12/05/2024,THE Q ON HARRIS 58996   ULTIMO,4.0,AMEX
13/05/2024,WW METRO 1449 PYRMONT   PYRMONT,36.7,AMEX
10/05/2024,ALL PURPOSE BAKERY      Sydney,16.66,AMEX
12/05/2024,GONG GROCER             SYDNEY,19.25,AMEX
11/05/2024,LIQUORLAND EXP SYD WORL SYDNEY,22.0,AMEX
11/05/2024,ZILIA                   SYDNEY,15.81,AMEX
09/05/2024,OUTTA COFFEE PTY LTD    Haymarket,10.0,AMEX
10/05/2024,THE Q ON HARRIS 58996   ULTIMO,4.0,AMEX
09/05/2024,PAYPAL *NETFLIX AUS     4085403700,22.99,AMEX
08/05/2024,EDITION ROASTERS MC 124 SYDNEY,6.0,AMEX
08/05/2024,SYDNEY PARK CYCLERY     ST PETERS,70.0,AMEX
08/05/2024,PIXEL PERFECT PROLAB    ULTIMO,258.75,AMEX
08/05/2024,THAI KEE IGA SUPERMARKE HAYMARKET,52.99,AMEX
06/05/2024,JB HI FI MACQUARIE,-10.0,AMEX
06/05/2024,PANTRY STORY            STANMORE,19.36,AMEX
05/05/2024,WWW.SIXPENNY.COM.AU     PETERSHAM,537.46,AMEX
05/05/2024,AN VIET EASTWOOD PTY 16 EASTWOOD,51.7,AMEX
06/05/2024,APEX PETROLEUM WEST RYD WEST RYDE,107.5,AMEX
06/05/2024,GOOGLE *YOUTUBE         G.CO/HELPPAY#,2.0,AMEX
06/05/2024,JB HI FI MACQUARIE      NORTH RYDE,234.6,AMEX
05/05/2024,OFFICEWORKS WEST RYDE - WEST RYDE,3.4,AMEX
05/05/2024,OFFICEWORKS WEST RYDE - WEST RYDE,3.97,AMEX
04/05/2024,UNIQLO AUSTRALIA PTY LT MELBOURNE,54.9,AMEX
04/05/2024,CALI PRESS - MARTIN PLA SYDNEY,16.06,AMEX
04/05/2024,CITY PHYSIO SYDNEY P/L  SYDNEY,136.0,AMEX
04/05/2024,EDITION ROASTERS MC 124 SYDNEY,6.0,AMEX
03/05/2024,PORTAFILTER             Sydney,4.5,AMEX
03/05/2024,THE Q ON HARRIS 58996   ULTIMO,4.0,AMEX
02/05/2024,CINNABON DARLING SQ 128 HAYMARKET,5.89,AMEX
01/05/2024,KAPPUCCINO              Ultimo,4.2,AMEX
02/05/2024,KRITTIYA PRASANSORN     PYRMONT,89.32,AMEX
02/05/2024,MARKET CITY PHARMACY    HAYMARKET,31.6,AMEX
02/05/2024,ULTIMOMEDICALPRACTICE 1 ULTIMO,125.1,AMEX
01/05/2024,EDITION ROASTERS MC 124 SYDNEY,6.0,AMEX
03/05/2024,PAYPAL *STEAM GAMES     4029357733,54.97,AMEX
30/04/2024,THE Q ON HARRIS 58996   ULTIMO,4.0,AMEX
01/05/2024,YONGHUI SUPERMARKET     EASTWOOD,8.0,AMEX
29/04/2024,BONDS OUTLET            KEW,17.99,AMEX
30/04/2024,VICTORIA'S BASEMENT     ALEXANDRIA,-59.95,AMEX
30/04/2024,VICTORIA'S BASEMENT     ALEXANDRIA,55.9,AMEX
28/04/2024,BUNNINGS LIDCOMBE 7173  LIDCOMBE,16.28,AMEX
28/04/2024,CN POULTRY EASTWOOD 849 EASTWOOD,15.71,AMEX
30/04/2024,PAYPAL *IKEA AU 4008.84 0280206641,19.0,AMEX
28/04/2024,RUMBLES FINE CAFE       EASTWOOD,23.3,AMEX
28/04/2024,SUPERFRESH              EASTWOOD,20.89,AMEX
27/04/2024,EDITION ROASTERS MC 124 SYDNEY,6.0,AMEX
26/04/2024,LETAO SYDNEY            Sydney,20.29,AMEX
27/04/2024,THE Q ON HARRIS 58996   ULTIMO,4.0,AMEX
26/04/2024,BLACKBIRD AND CO        ERSKINEVILLE,5.18,AMEX
27/04/2024,PAYPAL *CONDE NAST NEWY 8557561671,9.47,AMEX
24/04/2024,ALL PURPOSE BAKERY      Sydney,14.14,AMEX
25/04/2024,EDITION ROASTERS MC 124 SYDNEY,6.0,AMEX
26/04/2024,GONG GROCER             SYDNEY,5.5,AMEX
26/04/2024,KINOKUNIYA BOOK STORES  SYDNEY,65.4,AMEX
23/04/2024,BPAY PAYMENT-THANK YOU REC # 2987836484,-4399.66,AMEX
24/04/2024,EDITION ROASTERS MC 124 SYDNEY,11.0,AMEX
25/04/2024,IKEA TEMPE              TEMPE,129.0,AMEX
24/04/2024,CHEMIST WAREHOUSE SYDNE SYDNEY,35.08,AMEX
24/04/2024,UPPERROOM HOLDINGS PTY  SYDNEY,19.31,AMEX
23/04/2024,WW METRO 1211 PITT STRE SYDNEY,1.84,AMEX
21/04/2024,BTB KIRRIBILLI          Milsons Point,10.54,AMEX
21/04/2024,MARKET CITY PHARMACY    HAYMARKET,21.0,AMEX
22/04/2024,THAI KEE IGA SUPERMARKE HAYMARKET,7.81,AMEX
22/04/2024,VICTORIA'S BASEMENT AUB AUBURN,641.4,AMEX
20/04/2024,EDITION ROASTERS 79951  HAYMARKET,6.5,AMEX
21/04/2024,VICTORIA'S BASEMENT     ALEXANDRIA,17.95,AMEX
20/04/2024,BUDGET PETROL CHIPPENDA CHIPPENDALE,47.38,AMEX
18/04/2024,EDITION ROASTERS 79951  HAYMARKET,5.0,AMEX
19/04/2024,KMART BROADWAY 1155     BROADWAY,-29.0,AMEX
19/04/2024,KMART BROADWAY 1155     BROADWAY,21.0,AMEX
19/04/2024,KMART BROADWAY 1155     BROADWAY,93.8,AMEX
20/04/2024,MYHEALTH DARLING SQUARE SYDNEY,143.52,AMEX
20/04/2024,PIXEL PERFECT PROLAB    ULTIMO,15.0,AMEX
17/04/2024,GLOBIRD ENERGY PTY LTD  RINGWOOD,33.74,AMEX
16/04/2024,CHAFFEE HOUSE           EASTWOOD,4.5,AMEX
16/04/2024,HAVEN SPECIALTY COFFEE  Ultimo,5.0,AMEX
12/04/2024,ALL PURPOSE BAKERY      Sydney,20.2,AMEX
13/04/2024,CITY PHYSIO SYDNEY P/L  SYDNEY,143.0,AMEX
13/04/2024,UBER TRIP               HELP.UBER.COM,11.36,AMEX
13/04/2024,CHEMISTWORKS BROADWAY   BROADWAY,52.65,AMEX
12/04/2024,PORTAFILTER             Sydney,4.0,AMEX
12/04/2024,SHAVER SHOP BROADWAY    BROADWAY,22.9,AMEX
13/04/2024,THAI KEE IGA SUPERMARKE HAYMARKET,-5.99,AMEX
13/04/2024,THAI KEE IGA SUPERMARKE HAYMARKET,77.1,AMEX
12/04/2024,ULTIMOMEDICALPRACTICE 1 ULTIMO,86.4,AMEX
12/04/2024,WIN KEE BUTCHERY PTY. 1 HAYMARKET,23.71,AMEX
11/04/2024,MAMAKSMLC 112906        SYDNEY,17.5,AMEX
11/04/2024,PAYPAL *BULKNUTRIEN     4029357733,64.0,AMEX
12/04/2024,THAI KEE IGA SUPERMARKE HAYMARKET,100.48,AMEX
10/04/2024,CHAFFEE HOUSE           EASTWOOD,4.5,AMEX
10/04/2024,KMALL09 EASTWOOD        EASTWOOD,51.21,AMEX
10/04/2024,JIHUN LEE               EASTWOOD,14.5,AMEX
09/04/2024,PAYPAL *NETFLIX AUS     4085403700,22.99,AMEX
07/04/2024,AIRTASKER* 15122045X    SYDNEY,84.75,AMEX
07/04/2024,AIRTASKER* 15122439X    SYDNEY,67.8,AMEX
09/04/2024,CONCIERGE CAR WASH - BR BROADWAY,70.56,AMEX
08/04/2024,PAYPAL *BIG W           01300244999,114.0,AMEX
05/04/2024,CITY PHYSIO SYDNEY P/L  SYDNEY,72.0,AMEX
05/04/2024,KABUL SOCIAL WYNARD     Sydney,57.51,AMEX
06/04/2024,KUNG FU CLUB 79952      SYDNEY,49.2,AMEX
06/04/2024,SEOULRIA                SYDNEY,203.0,AMEX
04/04/2024,WW METRO 1211 PITT STRE SYDNEY,13.0,AMEX
04/04/2024,CHEMIST WAREHOUSE SYDNE SYDNEY,29.69,AMEX
04/04/2024,OUTTA COFFEE PTY LTD    Haymarket,4.5,AMEX
04/04/2024,WW METRO 1211 PITT STRE SYDNEY,18.95,AMEX
04/04/2024,PAYPAL *SCORPIONTEC     4029357733,635.29,AMEX
03/04/2024,PAYPAL *THEGOODGUYS     4029357733,365.0,AMEX
31/03/2024,WOOLWORTHS 1177 FORSTER FORSTER,5.1,AMEX
29/03/2024,KUKI SOFT SERVE & BAKE  Ultimo,7.09,AMEX
28/03/2024,CITY PHYSIO SYDNEY P/L  SYDNEY,68.0,AMEX
29/03/2024,WW METRO 1716 HAYMARKET HAYMARKET,30.35,AMEX
26/03/2024,BALANCE TRANSFERRED,1761.86,AMEX
26/03/2024,REVERSAL OF BALANCE TRANSFER,-1761.86,AMEX
25/03/2024,CHAFFEE HOUSE           EASTWOOD,4.5,AMEX
26/03/2024,PAYPAL *ADIDASAUSTR     4029357733,31.5,AMEX
25/03/2024,APEX PETROLEUM WEST RYD WEST RYDE,105.9,AMEX
25/03/2024,BUNNINGS WAREHOUSE ALEX ALEXANDRIA,618.43,AMEX
25/03/2024,JB HI FI BROADWAY       BROADWAY,996.0,AMEX
20/03/2024,BPAY PAYMENT-THANK YOU REC # 3800987161,-5653.78,AMEX
18/03/2024,GLOBIRD ENERGY PTY LTD  RINGWOOD,9.3,AMEX
17/03/2024,PAYPAL *CRUNCHYROLL     4157963560,10.99,AMEX
14/03/2024,CHEMIST WAREHOUSE EASTW EASTWOOD,13.99,AMEX
14/03/2024,WOOLWORTHS 1200 EASTWOO EASTWOOD,2.75,AMEX
13/03/2024,PAYPAL *TEMPLWEBSTR     0282643200,906.95,AMEX
09/03/2024,PAYPAL *NETFLIX AUS     4085403700,22.99,AMEX
28/02/2024,WOOLWORTHS 1200 EASTWOO EASTWOOD,4.0,AMEX
27/02/2024,CHEMIST WAREHOUSE EASTW EASTWOOD,12.99,AMEX
27/02/2024,CHEMIST WAREHOUSE EASTW EASTWOOD,19.99,AMEX
27/02/2024,SLAR GROUP PTY LTD      GLADESVILLE,16.75,AMEX
25/02/2024,HAVEN SPECIALTY COFFEE  Haymarket,15.4,AMEX
24/02/2024,RICE & CURRY 83215      PYRMONT,76.8,AMEX
23/02/2024,NANJING DUMPLING 135612 HAYMARKET,8.24,AMEX
23/02/2024,CANTEEN TAIWAN 85577    EASTWOOD,24.36,AMEX
21/02/2024,YT GROUP PTY LTD        SILVERWATER,1650.0,AMEX
19/02/2024,EDITION ROASTERS MC 124 SYDNEY,5.0,AMEX
19/02/2024,GLOBIRD ENERGY PTY LTD  RINGWOOD,75.24,AMEX
20/02/2024,PET INSURANCE CHATSWOOD CHATSWOOD,2232.98,AMEX
20/02/2024,SR-DELI ZIOSA-SYDNEY-42 SYDNEY,12.0,AMEX
20/02/2024,UNIQLO AUSTRALIA PTY LT MELBOURNE,9.9,AMEX
20/02/2024,WOOLWORTHS 1905 BROADWA BROADWAY,6.56,AMEX
19/02/2024,ZENTARA MASSAGE SYDNEY  SYDNEY,81.2,AMEX
19/02/2024,UNIQLO AUSTRALIA PTY LT MELBOURNE,14.9,AMEX
18/02/2024,WW METRO 1716 HAYMARKET HAYMARKET,16.0,AMEX
17/02/2024,BWS 6427 WEST RYDE      WEST RYDE,45.0,AMEX
18/02/2024,CAFE QUEENZ             Ultimo,16.3,AMEX
18/02/2024,JONES ST CAFE           ULTIMO,4.57,AMEX
19/02/2024,PAYPAL *NINTENDO        756629616,47.86,AMEX
18/02/2024,YUMYUM                  Eastwood,4.89,AMEX
16/02/2024,CITY PHYSIO SYDNEY P/L  SYDNEY,7.0,AMEX
16/02/2024,CITY PHYSIO SYDNEY P/L  SYDNEY,68.0,AMEX
16/02/2024,EDITION ROASTERS MC 124 SYDNEY,5.0,AMEX
17/02/2024,H&M SYDNEY AU0003 H&M S SYDNEY,34.99,AMEX
17/02/2024,IMACCHERONI.COM.AU      SYDNEY,157.88,AMEX
17/02/2024,PAYPAL *CRUNCHYROLL     4157963560,10.99,AMEX
15/02/2024,CANTON CAFE EASTWOOD    EASTWOOD,19.24,AMEX
14/02/2024,BPAY PAYMENT-THANK YOU REC # 5509200613,-4261.22,AMEX
14/02/2024,ZILIA                   SYDNEY,15.81,AMEX
13/02/2024,MEMBERSHIP FEE,450.0,AMEX
14/02/2024,PORTAFILTER             Sydney,4.0,AMEX
13/02/2024,COLES WEST RYDE 968     WEST RYDE,4.5,AMEX
13/02/2024,MEET FRESH              EASTWOOD,17.97,AMEX
12/02/2024,WOOLWORTHS 1200 EASTWOO EASTWOOD,5.6,AMEX
11/02/2024,YAYOI TEISHOKU JAPANESE Haymarket,60.29,AMEX
08/02/2024,MACHI MACHI EASTWOOD 12 EASTWOOD,7.0,AMEX
09/02/2024,PAYPAL *NETFLIX AUS     4085403700,22.99,AMEX
07/02/2024,JIMMY'S FALAFEL         SYDNEY,105.09,AMEX
06/02/2024,LAKSA KING 77799        SYDNEY,42.61,AMEX
05/02/2024,WOOLWORTHS 1200 EASTWOO EASTWOOD,22.35,AMEX
04/02/2024,EDITION ROASTERS 79951  HAYMARKET,7.15,AMEX
04/02/2024,KAPPUCCINO              Ultimo,34.0,AMEX
03/02/2024,ICE KIRIN BAR REGENT PL Sydney,6.59,AMEX
03/02/2024,YAPPARI STEAK           SYDNEY,2.96,AMEX
03/02/2024,YAPPARI STEAK           SYDNEY,75.17,AMEX
30/01/2024,EDITION ROASTERS MC 124 SYDNEY,5.0,AMEX
30/01/2024,EDITION ROASTERS MC 124 SYDNEY,6.0,AMEX
30/01/2024,MAMAKSMLC 112906        SYDNEY,17.5,AMEX
29/01/2024,MACHI MACHI EASTWOOD 12 EASTWOOD,16.24,AMEX
30/01/2024,MEET FRESH              EASTWOOD,21.11,AMEX
29/01/2024,APEX PETROLEUM WEST RYD WEST RYDE,58.24,AMEX
28/01/2024,MARUHAN PTY LTD         HAYMARKET,73.5,AMEX
27/01/2024,KAPPUCCINO              Ultimo,0.5,AMEX
27/01/2024,KAPPUCCINO              Ultimo,4.2,AMEX
27/01/2024,KAPPUCCINO              Ultimo,18.1,AMEX
27/01/2024,LUXE PATISSERIE & SWE 1 FAIRFIELD HEIGH,18.5,AMEX
24/01/2024,EASTWOOD THAI MASSAGE   EASTWOOD,76.0,AMEX
26/01/2024,MACHI MACHI EASTWOOD 12 EASTWOOD,9.64,AMEX
24/01/2024,SMALLANIMALSPECIALISTHO NORTH RYDE,239.0,AMEX
23/01/2024,EDITION ROASTERS MC 124 SYDNEY,5.0,AMEX
23/01/2024,EDITION ROASTERS MC 124 SYDNEY,5.5,AMEX
24/01/2024,HAVEN SPECIALTY COFFEE  Haymarket,7.5,AMEX
23/01/2024,LOCALI BY ROMEOS GEORGE SYDNEY,3.55,AMEX
23/01/2024,MAMAKSMLC 112906        SYDNEY,18.0,AMEX
23/01/2024,QANTAS LOYALTY          MASCOT,2239.37,AMEX
24/01/2024,RIVARENO GELATO DARLIN  DARLINGHURST,6.97,AMEX
22/01/2024,HANA COSMETICS          HAYMARKET,182.8,AMEX
23/01/2024,PAYPAL *BOOKTOPIABO     01300187187,101.75,AMEX
22/01/2024,THAI KEE IGA SUPERMARKE HAYMARKET,2.69,AMEX
20/01/2024,BUNNINGS WAREHOUSE ALEX ALEXANDRIA,119.61,AMEX
20/01/2024,JONES ST CAFE           ULTIMO,31.49,AMEX
20/01/2024,ORGANICA                CONCORD,109.19,AMEX
26 May 24,Linkt Sydney,-20.17,NAB
25 May 24,KMART 1155 BROADWAY,-0.2,NAB
25 May 24,PANLARN THAI PTY LTD HAYMARKET,-5.96,NAB
24 May 24,OS CALCIS PTY LIMITED SYDNEY,-120.0,NAB
23 May 24,ShopBack Zilia Australia,-10.15,NAB
23 May 24,ESSENTIAL MED IMAGIN SYDNEY,-145.0,NAB
22 May 24,LEE & KO PTY LTD EASTWOOD,-7.11,NAB
22 May 24,SMP*10000 Lab Eastwood,-4.9,NAB
22 May 24,AMAZON MARKETPLACE AU SYDNEY SOUTH,-23.99,NAB
22 May 24,AN VIET EASTWOOD PTY Eastwood,-22.9,NAB
22 May 24,ShopBack BonBons Bakery Australia,-12.69,NAB
22 May 24,AMAZON AU SYDNEY SOUTH,-395.0,NAB
21 May 24,ShopBack Canteen Taiwan EAustralia,-10.15,NAB
20 May 24,LIVE GROUP/8/1 PROGRESS AEASTWOOD,-6.62,NAB
20 May 24,SQ *ULTIMO KITCHEN Ultimo,-22.32,NAB
20 May 24,Kindle Svcs MELBOURNE,-19.99,NAB
20 May 24,CN Poultry Eastwood Eastwood,-19.27,NAB
20 May 24,HUI LING XIE PYRMONT,-55.0,NAB
20 May 24,Kindle Svcs MELBOURNE,19.99,NAB
17 May 24,SQ *WORLDWIDE Surry Hills,-39.0,NAB
16 May 24,Google YouTubePremium Barangaroo,-32.99,NAB
15 May 24,LEE & KO PTY LTD EASTWOOD,-8.12,NAB
15 May 24,BOOYONG KIM SYDNEY,-120.0,NAB
15 May 24,CASH/TRANSFER PAYMENT - THANK YOU,1265.48,NAB
14 May 24,AMAZON MARKETPLACE AU SYDNEY SOUTH,-26.96,NAB
14 May 24,ALDI STORES - BROADWAY BROADWAY,-16.57,NAB
13 May 24,BOOYONG KIM SYDNEY,-65.0,NAB
09 May 24,AMAZON MARKETPLACE AU SYDNEY SOUTH,-8.99,NAB
09 May 24,Adobe Sydney,-14.29,NAB
09 May 24,PAYPAL *ROLLIN*INSU IN 4029357733,-125.44,NAB
08 May 24,AMZNPRIMEAU MEMBERSHIP SYDNEY SOUTH,-9.99,NAB
07 May 24,AMAZON MARKETPLACE AU SYDNEY SOUTH,-13.79,NAB
06 May 24,CN Poultry Eastwood Eastwood,-8.55,NAB
06 May 24,LIVE GROUP/8/1 PROGRESS AEASTWOOD,-5.18,NAB
06 May 24,JEERA RUNTO PTY LTD REDFERN,-35.0,NAB
06 May 24,THE SPICE LOUNGE INDIA PYRMONT,-28.2,NAB
06 May 24,HO CHAK PTY LTD CHATSWOOD,-15.23,NAB
06 May 24,FB AU PTY LTD EASTWOOD,-14.0,NAB
06 May 24,AMAZON MARKETPLACE AU SYDNEY SOUTH,-12.28,NAB
06 May 24,DidiChuxing DIDI MOBILITYSydney,-10.44,NAB
06 May 24,JEERA RUNTO PTY LTD REDFERN,-60.0,NAB
01 May 24,DidiChuxing DIDI MOBILITYSydney,-18.78,NAB
29 Apr 24,L & W MEAT EASTWOOD,-7.99,NAB
29 Apr 24,FB AU PTY LTD EASTWOOD,-18.0,NAB
29 Apr 24,AN VIET EASTWOOD PTY Eastwood,-80.6,NAB
29 Apr 24,VICTORIAS BASEMENT AUBURN,-117.2,NAB
26 Apr 24,THE Q ON HARRIS Ultimo,-4.0,NAB
26 Apr 24,Kindle Svcs MELBOURNE,-3.89,NAB
26 Apr 24,Kindle Svcs MELBOURNE,-15.99,NAB
26 Apr 24,Kindle Svcs MELBOURNE,15.99,NAB
26 Apr 24,Kindle Svcs MELBOURNE,3.89,NAB
24 Apr 24,OIDEN 11 PTY LTD SYDNEY,-23.7,NAB
23 Apr 24,THE Q ON HARRIS Ultimo,-4.0,NAB
22 Apr 24,ShopBack Old School KafeyAustralia,-14.59,NAB
19 Apr 24,DidiChuxing DIDI MOBILITYSydney,-8.33,NAB
19 Apr 24,AMAZON MARKETPLACE AU SYDNEY SOUTH,-36.26,NAB
18 Apr 24,SQ *SKITTLE LANE Sydney,-5.0,NAB
18 Apr 24,ShopBack Zilia Australia,-16.24,NAB
17 Apr 24,EDITION ROASTERS MC Sydney,-6.0,NAB
17 Apr 24,AMAZON AU SYDNEY SOUTH,32.57,NAB
16 Apr 24,CHEMIST WAREHOUSE EASTWOOD,-37.99,NAB
16 Apr 24,Google YouTubePremium Barangaroo,-32.99,NAB
16 Apr 24,LINKT SYDNEY SYDNEY,-20.17,NAB
16 Apr 24,EASTWOOD THAI MASSAGE EASTWOOD,-76.0,NAB
16 Apr 24,CASH/TRANSFER PAYMENT - THANK YOU,2981.07,NAB
15 Apr 24,CN Poultry Eastwood Eastwood,-9.74,NAB
15 Apr 24,LIVE GROUP/8/1 PROGRESS AEASTWOOD,-22.36,NAB
15 Apr 24,COCO FRESH TEA AND JUICE SYDNEY,-13.0,NAB
12 Apr 24,AMAZON AU SYDNEY SOUTH,-6.5,NAB
12 Apr 24,SQ *KAPPUCCINO Ultimo,-4.2,NAB
12 Apr 24,AMAZON MARKETPLACE AU SYDNEY SOUTH,-39.99,NAB
11 Apr 24,AMAZON AU SYDNEY SOUTH,-32.57,NAB
11 Apr 24,ZLR*Tuyen Fresh Seafood Haymarket,-12.74,NAB
10 Apr 24,GLASGOW HOTEL PTY LTD ULTIMO,-27.0,NAB
10 Apr 24,KBAY GLOBAL CHERRYBROOK,-25.8,NAB
10 Apr 24,LA VIGNE BAKERY EASTWOOD,-22.0,NAB
10 Apr 24,S-MART KOREA EASTWOOD,-19.32,NAB
10 Apr 24,JUN'S NOODLE & BUN EASTWOOD,-16.04,NAB
10 Apr 24,257 HOME KITCHEN EASTWOOD,-82.62,NAB
09 Apr 24,SQ *KAPPUCCINO Ultimo,-4.2,NAB
09 Apr 24,Adobe Sydney,-14.29,NAB
09 Apr 24,PAYPAL *ROLLIN*INSU IN 4029357733,-125.44,NAB
08 Apr 24,AMZNPRIMEAU MEMBERSHIP SYDNEY SOUTH,-9.99,NAB
08 Apr 24,DidiChuxing DIDI MOBILITYSydney,-6.12,NAB
08 Apr 24,SQ *GUMPTION COFFEE Sydney,-4.5,NAB
08 Apr 24,ShopBack Mochi Donuts Australia,-4.06,NAB
08 Apr 24,ShopBack Canton Cafe Australia,-37.32,NAB
08 Apr 24,SQ *KAPPUCCINO Ultimo,-17.1,NAB
08 Apr 24,ShopBack Tea Spot Australia,-13.53,NAB
08 Apr 24,AMAZON AU SYDNEY SOUTH,-10.9,NAB
04 Apr 24,EDITION ROASTERS MC Sydney,-5.0,NAB
04 Apr 24,ShopBack Zilia Australia,-12.47,NAB
04 Apr 24,Sydney Doctors Sydney,-106.89,NAB
03 Apr 24,SQ *KAPPUCCINO Ultimo,-4.2,NAB
03 Apr 24,Rice & Curry Pyrmont,-20.71,NAB
03 Apr 24,SQ *ULTIMO KITCHEN Ultimo,-18.77,NAB
03 Apr 24,AMAZON MARKETPLACE AU SYDNEY SOUTH,-15.99,NAB
02 Apr 24,LITTLE SPARROW SYDNEY SYDNEY,-5.0,NAB
02 Apr 24,JBAE HOLDINGS PL SYDNEY,-4.6,NAB
02 Apr 24,ALDI STORES - WINSTON WINSTON HILLS,-20.08,NAB
02 Apr 24,Stacked Sydney,-15.06,NAB
02 Apr 24,EASTWOOD THAI MASSAGE EASTWOOD,-76.0,NAB
28 Mar 24,LOCALI BY ROMEOS SYDNEY,-15.0,NAB
28 Mar 24,EDITION ROASTERS MC Sydney,-14.5,NAB
28 Mar 24,THAI KEE IGA SUPERMA HAYMARKET,-96.2,NAB
27 Mar 24,SQ *BLACK & WHITE ESPRESSSydney,-4.89,NAB
27 Mar 24,LOCALI BY ROMEOS SYDNEY,-14.27,NAB
26 Mar 24,WOOLWORTHS/ROWE ST EASTWOOD,-8.35,NAB
26 Mar 24,AMAZON MARKETPLACE AU SYDNEY SOUTH,-29.99,NAB
26 Mar 24,SQ *TEA SPOT Eastwood,-20.3,NAB
26 Mar 24,CHEMIST WAREHOUSE EASTWOOD,-79.98,NAB
26 Mar 24,PBS EASTWOOD PTY LTD EASTWOOD,-60.76,NAB
26 Mar 24,THE GOOD GUYS WEB STORE SOUTHBANK,1474.0,NAB
26 Mar 24,MCDONALDS DARLING SQ HAYMARKET,9.1,NAB
25 Mar 24,Boost Juice Broadway Ultimo,-8.9,NAB
25 Mar 24,Machi Machi Eastwood Eastwood,-8.12,NAB
25 Mar 24,EDITION ROASTERS MC Sydney,-5.0,NAB
25 Mar 24,ShopBack Canton Cafe Australia,-36.13,NAB
25 Mar 24,SQ *KAPPUCCINO Ultimo,-31.0,NAB
25 Mar 24,MCDONALDS DARLING SQ HAYMARKET,-30.3,NAB
25 Mar 24,RUMBLES FINE CAFE EASTWOOD,-18.8,NAB
25 Mar 24,SMP*Adanos Centrepoint Sydney,-16.26,NAB
25 Mar 24,Mumbai Express Glebe,-16.13,NAB
25 Mar 24,LOCALI BY ROMEOS SYDNEY,-14.47,NAB
25 Mar 24,ShopBack Tom Yum From HelAustralia,-91.96,NAB
25 Mar 24,EASTWOOD THAI MASSAGE EASTWOOD,-91.0,NAB
25 Mar 24,AMAZON AU SYDNEY SOUTH,-69.0,NAB
25 Mar 24,ACCPAC PTY LTD BARDWELL PARK,-55.0,NAB
25 Mar 24,Appliances Online Sydney,-457.0,NAB
22 Mar 24,ROMEOS FOODHALL IGA SYDNEY,-7.8,NAB
22 Mar 24,SQ *SKITTLE LANE Pyrmont,-5.0,NAB
21 Mar 24,WW METRO/189 PITT STREET SYDNEY,-2.2,NAB
20 Mar 24,WOOLWORTHS/ROWE ST EASTWOOD,-10.7,NAB
20 Mar 24,Appliances Online Sydney,-1517.0,NAB
20 Mar 24,360 DENTAL CARE PTY LT EASTWOOD,-150.0,NAB
19 Mar 24,WOOLWORTHS/ROWE ST EASTWOOD,-8.11,NAB
19 Mar 24,FB AU PTY LTD EASTWOOD,-32.0,NAB
19 Mar 24,Boom Cafe Eastwood,-24.26,NAB
19 Mar 24,IKEA RHODES RHODES,-89.0,NAB
18 Mar 24,THE MOO EASTWOOD PTY Eastwood,-6.9,NAB
18 Mar 24,JONES ST CAFE ULTIMO,-4.57,NAB
18 Mar 24,Google YouTubePremium Pyrmont,-32.99,NAB
18 Mar 24,SQ *KAPPUCCINO Ultimo,-32.0,NAB
18 Mar 24,JONES ST CAFE ULTIMO,-21.32,NAB
18 Mar 24,X PLAZA PTY LTD EASTWOOD,-19.19,NAB
18 Mar 24,IKU WHOLEFOOD MLC Sydney,-15.09,NAB
18 Mar 24,ShopBack Noble House SeafAustralia,-55.92,NAB
18 Mar 24,COLES 0710 SYDNEY,-169.0,NAB
18 Mar 24,FB AU PTY LTD EASTWOOD,-148.0,NAB
18 Mar 24,AMAZON AU SYDNEY SOUTH,-109.0,NAB
15 Mar 24,AMAZON AU SYDNEY SOUTH,-119.0,NAB
15 Mar 24,ASSEMBLY NOW PTY LTD MALVERN EAST,-81.6,NAB
13 Mar 24,AMAZON MARKETPLACE AU SYDNEY SOUTH,-36.99,NAB
13 Mar 24,ShopBack Zilia Australia,-13.73,NAB
13 Mar 24,SQ *HAVEN SPECIALTY COFFEUltimo,-5.0,NAB
13 Mar 24,CASH/TRANSFER PAYMENT - THANK YOU,4671.61,NAB
11 Mar 24,PAYPAL *ROLLIN*INSU IN 4029357733,-125.44,NAB
11 Mar 24,Adobe Systems Pty Ltd Sydney,-14.29,NAB
08 Mar 24,AMZNPRIMEAU MEMBERSHIP SYDNEY SOUTH,-9.99,NAB
04 Mar 24,JONES ST CAFE ULTIMO,-4.57,NAB
04 Mar 24,DISPUTE ITEM RESOLVED - $798.70,0.0,NAB
28 Feb 24,CHEMIST WAREHOUSE EASTWOOD,-27.98,NAB
28 Feb 24,YY CAFE PTY LTD EASTWOOD,-4.5,NAB
27 Feb 24,CITYOFSYDNEY PARKING SYDNEY,-2.0,NAB
26 Feb 24,NOBLE HOUSE PTY LTD EASTWOOD,-115.51,NAB
26 Feb 24,TANG SPA PTY LTD DOCKLANDS,-62.0,NAB
26 Feb 24,ShopBack Mochi Donuts Australia,-23.35,NAB
26 Feb 24,MamaksMLC Sydney,-19.5,NAB
26 Feb 24,SQ *HAVEN SPECIALTY COFFEHaymarket,-5.0,NAB
23 Feb 24,YT GROUP PTY LTD SILVERWATER,-750.0,NAB
23 Feb 24,WAYNE MASSAGE PTY LTD SYDNEY,-37.0,NAB
23 Feb 24,ShopBack Happy Chef NoodlAustralia,-16.24,NAB
23 Feb 24,Cali Press Pty Ltd Sydney,-14.69,NAB
22 Feb 24,EASTWOOD THAI MASSAGE EASTWOOD,-61.0,NAB
22 Feb 24,YY CAFE PTY LTD EASTWOOD,-41.0,NAB
22 Feb 24,YY CAFE PTY LTD EASTWOOD,-9.0,NAB
22 Feb 24,BONBONS BAKERY EASTWOOD,-8.04,NAB
21 Feb 24,OPORTO DARLINGHURST,-37.9,NAB
21 Feb 24,BONBONS BAKERY EASTWOOD,-8.14,NAB
20 Feb 24,GINGER AND SHALLOTS EASTWOOD,-50.55,NAB
16 Feb 24,WOOLWORTHS/GRAF AVE & MARWEST RYDE,-40.0,NAB
16 Feb 24,Google YouTubePremium Pyrmont,-32.99,NAB
16 Feb 24,Boom Cafe Eastwood,-24.87,NAB
16 Feb 24,CASH/TRANSFER PAYMENT - THANK YOU,1729.9,NAB
15 Feb 24,THE GOOD GUYS WEB STORE SOUTHBANK,-1474.0,NAB
15 Feb 24,THE GOOD GUYS WEB STORE SOUTHBANK,-1432.0,NAB
15 Feb 24,JATPURA PTY LTD BLACKTOWN,-14.9,NAB
15 Feb 24,JATPURA PTY LTD BLACKTOWN,-8.9,NAB
13 Feb 24,LINKT SYDNEY SYDNEY,-20.17,NAB
12 Feb 24,BLUE MOON HEALTH TREAT EASTWOOD,-55.0,NAB
12 Feb 24,BLUE MOON HEALTH TREAT EASTWOOD,-33.0,NAB
09 Feb 24,PAYPAL *ROLLIN*INSU IN 4029357733,-116.96,NAB
09 Feb 24,Adobe Systems Pty Ltd Sydney,-14.29,NAB
09 Feb 24,EASTWOOD MART EASTWOOD,-14.0,NAB
08 Feb 24,CLASSPASS* MONTHLY CLASSPASS.COMMT,-69.0,NAB
08 Feb 24,AMZNPRIMEAU MEMBERSHIP SYDNEY SOUTH,-9.99,NAB
08 Feb 24,NAB INTNL TRAN FEE - (SC),-2.07,NAB
07 Feb 24,EDITION ROASTERS MC Sydney,-11.5,NAB
06 Feb 24,EASTWOOD THAI MASSAGE EASTWOOD,-76.0,NAB
06 Feb 24,LINKT SYDNEY SYDNEY,-20.17,NAB
06 Feb 24,Machi Machi Eastwood Eastwood,-8.12,NAB
02 Feb 24,KACANG PUTIH MALAYSIAN CASTLE HILL,-18.0,NAB
01 Feb 24,ESSENTIAL THAI PTY LTD EASTWOOD,-61.0,NAB
01 Feb 24,YY CAFE PTY LTD EASTWOOD,-4.5,NAB
31 Jan 24,SQ *JIAN BING Eastwood,-15.3,NAB
30 Jan 24,AMAZON MARKETPLACE AU SYDNEY SOUTH,-74.11,NAB
30 Jan 24,SMP*Aslan Coffee St P St Peters,-29.0,NAB
30 Jan 24,LINKT SYDNEY SYDNEY,-20.17,NAB
30 Jan 24,SMP*Aslan Coffee St P St Peters,-4.5,NAB
29 Jan 24,SMP*10000 Lab Eastwood,-4.9,NAB
22 Jan 24,PAYPAL *ALT BREWING 4029357733,-181.85,NAB
22 Jan 24,THE SPICE LOUNGE INDIA PYRMONT,-85.0,NAB
22 Jan 24,Mikazuki City HAYMARKET,-65.97,NAB
22 Jan 24,Chatime WW Point Wentworth Poi,-25.99,NAB
22 Jan 24,MAD MEX FRESH MEXICA SYDNEY,-16.5,NAB
22 Jan 24,SQ *SKITTLE LANE Sydney,-10.6,NAB
22 Jan 24,EDITION ROASTERS MC Sydney,-6.0,NAB
22 Jan 24,LOCALI BY ROMEOS SYDNEY,-2.7,NAB
19 Jan 24,EDITION ROASTERS MC Sydney,-5.5,NAB
19 Jan 24,EDITION ROASTERS MC Sydney,-5.0,NAB
19 Jan 24,SMP*10000 Lab Eastwood,-4.9,NAB
18 Jan 24,THE MAX JOY CO EASTWOOD,-12.18,NAB
17 Jan 24,Google YouTubePremium Barangaroo,-32.99,NAB
17 Jan 24,YY CAFE PTY LTD EASTWOOD,-4.5,NAB
16 Jan 24,SMP*The Taste of Cho Haymarket,-15.23,NAB
16 Jan 24,J & R 99 PTY LTD HAYMARKET,-9.14,NAB
16 Jan 24,OH SUSHI SYD PTY LTD HAYMARKET,-9.13,NAB
16 Jan 24,Caffeine Cartel Sydney,-8.63,NAB
16 Jan 24,CITYOFSYDNEY PARKING SYDNEY,-4.94,NAB
16 Jan 24,CASH/TRANSFER PAYMENT - THANK YOU,4055.07,NAB
15 Jan 24,CUISINE YUZU PTY. LTD. PYRMONT,-77.14,NAB
15 Jan 24,KMALL09 EASTWOOD,-48.8,NAB
15 Jan 24,THE Q ON HARRIS Ultimo,-41.0,NAB
15 Jan 24,North Sandwich&Burger Chippendale,-17.31,NAB
15 Jan 24,Malay Malay HAYMARKET,-17.24,NAB
15 Jan 24,MachiMachi DSQ Haymarket,-8.63,NAB
15 Jan 24,OLD TOWN DELIGHTS MASCOT,-8.5,NAB
15 Jan 24,SQ *HAVEN SPECIALTY COFFEHaymarket,-7.5,NAB
15 Jan 24,JONES ST CAFE ULTIMO,-4.57,NAB
12 Jan 24,SDRO INFRNGMNT PAYME MAITLAND,-92.23,NAB
12 Jan 24,Rice & Curry Pyrmont,-35.42,NAB
12 Jan 24,THE MOO EASTWOOD PTY Eastwood,-7.09,NAB
12 Jan 24,YY CAFE PTY LTD EASTWOOD,-4.5,NAB
11 Jan 24,PAYPAL *NETFLIX AUS 4029357733,-22.99,NAB
11 Jan 24,MamaksMLC Sydney,-17.5,NAB
11 Jan 24,SQ *BLACK & WHITE ESPRESSSydney,-4.89,NAB
10 Jan 24,PAYPAL *ROLLIN*INSU IN 4029357733,-116.96,NAB
10 Jan 24,MF EASTWOOD PTY LTD EASTWOOD,-19.29,NAB
10 Jan 24,SQ *SKITTLE LANE Sydney,-6.5,NAB
09 Jan 24,SMP*Tatsuya West Ryde West Ryde,-75.22,NAB
09 Jan 24,YY CAFE PTY LTD EASTWOOD,-31.5,NAB
09 Jan 24,Adobe Systems Pty Ltd Sydney,-14.29,NAB
09 Jan 24,MCDONALDS WYNYARD RL SYDNEY,-12.9,NAB
09 Jan 24,CHEMIST WAREHOUSE EASTWOOD,-10.99,NAB
09 Jan 24,LOCALI BY ROMEOS SYDNEY,-7.4,NAB
09 Jan 24,EDITION ROASTERS MC Sydney,-5.0,NAB
09 Jan 24,YY CAFE PTY LTD EASTWOOD,-4.5,NAB
08 Jan 24,Myhealth Eastwood Eastwood,-83.9,NAB
08 Jan 24,N G COSTI PTY LTD DROUIN SOUTH,-35.0,NAB
08 Jan 24,Boom Cafe Eastwood,-16.24,NAB
08 Jan 24,AMZNPRIMEAU MEMBERSHIP SYDNEY SOUTH,-9.99,NAB
08 Jan 24,Boom Cafe Eastwood,-9.64,NAB
08 Jan 24,SQ *HAVEN SPECIALTY COFFEHaymarket,-5.0,NAB
08 Jan 24,CLASSPASS* MONTHLY CLASSPASS.COMMT,-5.0,NAB
08 Jan 24,WOOLWORTHS/ROWE ST EASTWOOD,-2.6,NAB
08 Jan 24,NAB INTNL TRAN FEE - (SC),-0.15,NAB
05 Jan 24,PAYPAL *SYDNEYWATER 4029357733,-179.14,NAB
05 Jan 24,HAKATA GENSUKE REGENT SYDNEY,-61.71,NAB
05 Jan 24,MF EASTWOOD PTY LTD EASTWOOD,-19.29,NAB
05 Jan 24,EDITION ROASTERS MC Sydney,-7.0,NAB
03 Jan 24,SP BAHE YOGA ROSEBERY,-159.98,NAB
03 Jan 24,EASTWOOD THAI MASSAGE EASTWOOD,-77.0,NAB
03 Jan 24,KHAOKANG MARUAY SYDNEY,-17.74,NAB
02 Jan 24,TOKO RESTAURANT Sydney,-363.91,NAB
02 Jan 24,FORTUNE RECIPE Eastwood,-122.0,NAB
02 Jan 24,Edition Roasters Haymarket,-50.6,NAB
02 Jan 24,THAI KEE IGA SUPERMA HAYMARKET,-33.64,NAB
02 Jan 24,OLD SCHOOL 88 PTY LTD HAYMARKET,-25.17,NAB
02 Jan 24,INEFFABLE CLASSICS Eastwood,-21.02,NAB
02 Jan 24,LINKT SYDNEY SYDNEY,-20.17,NAB
02 Jan 24,Top Impression Bakery Chippendale,-17.26,NAB
02 Jan 24,PAYPAL *UBER AU 4029357733,-13.57,NAB
29 Dec 23,PAYPAL *NEWBALANCEA 4029357733,-92.5,NAB
29 Dec 23,GETSU AT BOWRAL PTY LT BOWRAL,-78.5,NAB
29 Dec 23,THE GUMNUT PATISSERI Mittagong,-22.0,NAB
29 Dec 23,THE GUMNUT PATISSERI Mittagong,-3.5,NAB
29 Dec 23,WOOLWORTHS/ROSECOE ST & OMITTAGONG,-3.5,NAB
29 Dec 23,Kogan.com PQR7KLDA Melbourne,300.0,NAB
28 Dec 23,BP BEXLEY NORTH 7903 BEXLEY,-96.43,NAB
28 Dec 23,LIQUORLAND 2988 BOWRAL,-52.0,NAB
28 Dec 23,LINKT SYDNEY SYDNEY,-20.17,NAB
28 Dec 23,SUSHI HUB EASTWOOD EASTWOOD,-19.8,NAB
28 Dec 23,SIROO CAFE PTY LTD WEST RYDE,-16.24,NAB
28 Dec 23,CITYOFSYDNEY PARKING SYDNEY,-8.0,NAB
27 Dec 23,Bonds Outlet Market City Haymarket,-165.53,NAB
27 Dec 23,JUWON BUTCHERY WEST RYDE,-26.6,NAB
27 Dec 23,FREEZIUM MARKET WEST RYDE,-24.03,NAB
27 Dec 23,Boom Cafe Eastwood,-20.3,NAB
27 Dec 23,SQ *DIRTY RED Camperdown,-16.0,NAB
27 Dec 23,SAVOY CAKE EASTWOOD Eastwood,-9.38,NAB
21 Dec 23,WOOLWORTHS/ROWE ST EASTWOOD,-32.87,NAB
21 Dec 23,L & W MEAT EASTWOOD,-21.15,NAB
21 Dec 23,LINKT SYDNEY SYDNEY,-20.17,NAB
21 Dec 23,DAVELLES BAKERY EPPING,-15.69,NAB
21 Dec 23,BONBONS BAKERY EASTWOOD,-13.37,NAB
20 Dec 23,PAYPAL *LULULEMONAT 4029357733,-119.0,NAB
20 Dec 23,HEALTH SQ EPPING,-80.0,NAB
19 Dec 23,MCDONALDS WEST RYDE WEST RYDE,-22.8,NAB
19 Dec 23,WOOLWORTHS/ROWE ST EASTWOOD,-18.2,NAB
18 Dec 23,AMAZON AU SYDNEY SOUTH,-144.84,NAB
18 Dec 23,PAYPAL *COFFEE ALCH 4029357733,-56.8,NAB
18 Dec 23,AMAZON AU SYDNEY SOUTH,-49.95,NAB
18 Dec 23,Skewered Lawson,-33.9,NAB
18 Dec 23,Machi Machi Eastwood Eastwood,-17.76,NAB
18 Dec 23,WOOLWORTHS/ROWE ST EASTWOOD,-11.1,NAB
18 Dec 23,ALDI STORES - EASTWOOD EASTWOOD,-10.08,NAB
18 Dec 23,Cortado Cafe Lawson,-5.57,NAB
18 Dec 23,TRANSPORTFORNSW TAP SYDNEY,-4.0,NAB
18 Dec 23,CASH/TRANSFER PAYMENT - THANK YOU,3687.89,NAB
15 Dec 23,AMAZON MARKETPLACE AU SYDNEY SOUTH,-56.0,NAB
15 Dec 23,AMAZON MARKETPLACE AU SYDNEY SOUTH,-29.99,NAB
15 Dec 23,CANTEEN TAIWAN Eastwood,-22.33,NAB
15 Dec 23,Stanley's DARLINGHURST,-16.43,NAB
15 Dec 23,Boom Cafe Eastwood,-6.09,NAB
14 Dec 23,AMAZON AU SYDNEY SOUTH,-369.0,NAB
14 Dec 23,EASTWOOD THAI MASSAGE EASTWOOD,-62.0,NAB
14 Dec 23,PAYPAL *RMECOM 35314369001,-44.8,NAB
14 Dec 23,NAB INTNL TRAN FEE - (SC),-1.34,NAB
13 Dec 23,HEALTH SQ EPPING,-87.0,NAB
13 Dec 23,AMAZON MARKETPLACE AU SYDNEY SOUTH,-24.0,NAB
13 Dec 23,AMAZON MARKETPLACE AU SYDNEY SOUTH,-7.16,NAB
12 Dec 23,PETBARN WEST RYDE,-52.98,NAB
12 Dec 23,WOOLWORTHS/ROWE ST EASTWOOD,-48.66,NAB
12 Dec 23,BWS LIQUOR/EASTWOOD VLG SEASTWOOD,-40.5,NAB
12 Dec 23,FIRESTONE EASTWOOD EASTWOOD,-36.06,NAB
12 Dec 23,LINKT SYDNEY SYDNEY,-20.17,NAB
12 Dec 23,THE MAX JOY CO EASTWOOD,-17.26,NAB
12 Dec 23,SAKURA MARKET EASTWOOD,-14.97,NAB
12 Dec 23,BONBONS BAKERY EASTWOOD,-8.54,NAB
12 Dec 23,YY CAFE PTY LTD EASTWOOD,-5.8,NAB
11 Dec 23,AUTHORIZATION SYDNEY,-346.89,NAB
11 Dec 23,PAYPAL *ROLLIN*INSU IN 4029357733,-116.96,NAB
11 Dec 23,AMAZON MARKETPLACE AU SYDNEY SOUTH,-69.79,NAB
11 Dec 23,AMAZON MARKETPLACE AU SYDNEY SOUTH,-67.99,NAB
11 Dec 23,AMAZON AU SYDNEY SOUTH,-22.49,NAB
11 Dec 23,SQ *SHOGUN ULTIMO Ultimo,-20.22,NAB
11 Dec 23,ADOBE PRODUCTS Sydney,-14.29,NAB
11 Dec 23,KFC ERMINGTON ERMINGTON,-13.45,NAB
11 Dec 23,LIVE GROUP/8/1 PROGRESS AEASTWOOD,-11.34,NAB
11 Dec 23,YY CAFE PTY LTD EASTWOOD,-5.8,NAB
11 Dec 23,SQ *BEANS N CO Pyrmont,-3.2,NAB
08 Dec 23,Malay Malay HAYMARKET,-38.56,NAB
08 Dec 23,KOGAN MOBILE NORTH SYDNEY,-25.0,NAB
08 Dec 23,LOCALI BY ROMEOS SYDNEY,-10.99,NAB
08 Dec 23,AMZNPRIMEAU MEMBERSHIP SYDNEY SOUTH,-9.99,NAB
08 Dec 23,SQ *GUMPTION COFFEE Sydney,-6.0,NAB
08 Dec 23,EMPERORS GARDEN PTY HAYMARKET,-5.08,NAB
07 Dec 23,MF EASTWOOD PTY LTD EASTWOOD,-21.62,NAB
07 Dec 23,Grilld Pty Ltd Richmond,-18.9,NAB
07 Dec 23,KOGAN MOBILE NORTH SYDNEY,-5.0,NAB
07 Dec 23,EDITION ROASTERS MC Sydney,-5.0,NAB
07 Dec 23,SQ *GUMPTION COFFEE Sydney,-4.5,NAB
06 Dec 23,Kogan.com PQR7KLDA Melbourne,-300.0,NAB
06 Dec 23,AMAZON MARKETPLACE AU SYDNEY SOUTH,-75.96,NAB
06 Dec 23,WOOLWORTHS/ROWE ST EASTWOOD,-11.8,NAB
06 Dec 23,SMP*10000 Lab Eastwood,-4.9,NAB
06 Dec 23,TOO MUCH HAPPINESS PTY LTEASTWOOD,-4.0,NAB
04 Dec 23,YOUNG DABANG HAYMARKET HAYMARKET,-49.76,NAB
04 Dec 23,SYDNEY PARTY DECORAT SYDNEY,-49.0,NAB
04 Dec 23,WOOLWORTHS/WESTFIELD CAMPPARRAMATTA,-16.5,NAB
04 Dec 23,SQ *TOMATO ART Burwood,-15.3,NAB
04 Dec 23,SQ *CAFE QUEENZ Ultimo,-10.0,NAB
04 Dec 23,IKEA TEMPE TEMPE,-8.8,NAB
04 Dec 23,Machi Machi Eastwood Eastwood,-8.12,NAB
04 Dec 23,YY CAFE PTY LTD EASTWOOD,-4.5,NAB
04 Dec 23,IKEA TEMPE TEMPE,-3.8,NAB
04 Dec 23,NAB INTNL TRN FEE REV -MC,22.46,NAB
04 Dec 23,NOMADIC ID LONDON,748.5,NAB
01 Dec 23,BODYWORK AUSTRALIA P SYDNEY,-40.0,NAB
01 Dec 23,MamaksMLC Sydney,-17.5,NAB
01 Dec 23,LA VIGNE BAKERY EASTWOOD,-12.63,NAB
01 Dec 23,THE Q ON HARRIS Ultimo,-4.0,NAB
30 Nov 23,PAYPAL *LVMHFASHION 4029357733,-890.0,NAB
30 Nov 23,PAYPAL *HANESAUSTRA 83 0388621400,-555.99,NAB
30 Nov 23,EDITION ROASTERS MC Sydney,-17.0,NAB
30 Nov 23,Kurtosh Darling Sq Sydney,-14.67,NAB
30 Nov 23,SQ *PORTAFILTER Sydney,-4.0,NAB
30 Nov 23,XIANGYAO ASIAN SUPERMA EASTWOOD,-2.49,NAB
29 Nov 23,HEALTH SQ EPPING,-87.0,NAB
29 Nov 23,EDITION ROASTERS MC Sydney,-5.0,NAB
29 Nov 23,PAYPAL *LOBOCKI 4029357733,86.98,NAB
28 Nov 23,NOMADIC ID LONDON,-763.71,NAB
28 Nov 23,RETAIL PRODIGY OPS PL NORTH RYDE,-91.0,NAB
28 Nov 23,NAB INTNL TRAN FEE - (MC),-22.91,NAB
28 Nov 23,SAKURA MARKET EASTWOOD,-15.88,NAB
28 Nov 23,J & R 99 PTY LTD HAYMARKET,-8.32,NAB
28 Nov 23,YY CAFE PTY LTD EASTWOOD,-5.8,NAB
28 Nov 23,TRANSPORTFORNSW TAP SYDNEY,-2.24,NAB
27 Nov 23,PAYPAL *THEGOODGUYS 4029357733,-145.0,NAB
27 Nov 23,PAYPAL *LOBOCKI 4029357733,-86.98,NAB
27 Nov 23,RUNGNAPA KORNPAN WEST RYDE,-75.86,NAB
27 Nov 23,SAVOY CAKE EASTWOOD Eastwood,-37.74,NAB
27 Nov 23,SQ *KAPPUCCINO Ultimo,-32.0,NAB
27 Nov 23,PAYPAL *BIG W 4029357733,-24.0,NAB
27 Nov 23,OFFICEWORKS 0230 WEST RYDE,-22.69,NAB
27 Nov 23,HMART GROUP PTY LTD EASTWOOD,-16.77,NAB
27 Nov 23,SAVOY CAKE EASTWOOD Eastwood,-3.06,NAB
24 Nov 23,THAI KEE IGA SUPERMA HAYMARKET,-39.69,NAB
24 Nov 23,WOOLWORTHS/ROWE ST EASTWOOD,-20.5,NAB
24 Nov 23,Costis Fish and Chips Sydney,-14.08,NAB
23 Nov 23,DAVELLES BAKERY EPPING,-15.99,NAB
23 Nov 23,EDITION ROASTERS MC Sydney,-6.5,NAB
23 Nov 23,YY CAFE PTY LTD EASTWOOD,-4.5,NAB
22 Nov 23,HEALTH SQ EPPING,-87.0,NAB
22 Nov 23,Machi Machi Eastwood Eastwood,-8.12,NAB
22 Nov 23,THE MAX JOY CO EASTWOOD,-6.09,NAB
21 Nov 23,HEALTH SQ EPPING,-97.0,NAB
21 Nov 23,TAN VIET DARLG SQ PL HAYMARKET,-39.33,NAB
21 Nov 23,RETAIL JUICE BARS PTY ULTIMO,-8.9,NAB
21 Nov 23,THE Q ON HARRIS Ultimo,-5.0,NAB
20 Nov 23,THE MISSING PIECE FRENCHS FORES,-76.3,NAB
20 Nov 23,COLES 0839 BROADWAY,-48.0,NAB
20 Nov 23,CAT & CLAUDIA'S PCY Broadway,-12.99,NAB
20 Nov 23,SQ *LIM'S HOT BREAD Eastwood,-8.1,NAB
20 Nov 23,YY CAFE PTY LTD EASTWOOD,-4.5,NAB
20 Nov 23,PAYPAL *NSWBJJFEDER 4029357733,85.0,NAB
17 Nov 23,Boom Cafe Eastwood,-127.89,NAB
16 Nov 23,PAYPAL *BOOKTOPIABO 4029357733,-105.75,NAB
16 Nov 23,THE Q ON HARRIS Ultimo,-5.0,NAB
16 Nov 23,SQ *PORTAFILTER Sydney,-4.0,NAB
15 Nov 23,SQ *ULTIMO KITCHEN Ultimo,-35.91,NAB
15 Nov 23,BONBONS BAKERY EASTWOOD,-11.86,NAB
15 Nov 23,YY CAFE PTY LTD EASTWOOD,-4.5,NAB
15 Nov 23,CASH/TRANSFER PAYMENT - THANK YOU,4200.0,NAB
14 Nov 23,YY CAFE PTY LTD EASTWOOD,-4.5,NAB
14 Nov 23,ORANGE SUPERMARKET WE WENTWORTH POI,-4.43,NAB
13 Nov 23,Thang Long Restaurant Bankstown,-47.19,NAB
13 Nov 23,Rice & Curry Pyrmont,-42.02,NAB
13 Nov 23,SQ *OMEIO ARTISANAL DELI Darlinghurst,-41.51,NAB
13 Nov 23,SMP*The Abangs Mascot,-16.26,NAB
13 Nov 23,KRISPY KREME TOWN HALL SYDNEY,-11.95,NAB
13 Nov 23,HO CHAK PTY LTD CHATSWOOD,-8.06,NAB
13 Nov 23,JONES ST CAFE ULTIMO,-4.5,NAB
10 Nov 23,SQ *PORTAFILTER Sydney,-11.4,NAB
10 Nov 23,SQ *PORTAFILTER Sydney,-4.0,NAB
09 Nov 23,Adobe Systems Pty Ltd Sydney,-14.29,NAB
09 Nov 23,Machi Machi Eastwood Eastwood,-8.12,NAB
08 Nov 23,KOGAN MOBILE NORTH SYDNEY,-25.0,NAB
08 Nov 23,SQ *LIM'S HOT BREAD Eastwood,-10.2,NAB
08 Nov 23,Breadtop Eastwood Eastwood,-10.0,NAB
07 Nov 23,Boom Cafe Eastwood,-34.31,NAB
07 Nov 23,CANTEEN TAIWAN Eastwood,-10.15,NAB
06 Nov 23,Uobei Lidcombe,-55.83,NAB
06 Nov 23,EB *League of Legends 801-413-7200,-43.06,NAB
06 Nov 23,SQ *KAPPUCCINO Ultimo,-27.8,NAB
06 Nov 23,SQ *LETAO SYDNEY Sydney,-27.38,NAB
06 Nov 23,Gumshara Ramen Haymarket,-22.09,NAB
06 Nov 23,SQ *PORTAFILTER Sydney,-17.0,NAB
06 Nov 23,Guzman y Gomez Sydney,-16.9,NAB
06 Nov 23,SQ *KIN LEN Eastwood,-15.29,NAB
06 Nov 23,Boom Cafe Eastwood,-9.14,NAB
06 Nov 23,MachiMachi DSQ Haymarket,-8.63,NAB
06 Nov 23,Edition Roasters Haymarket,-5.5,NAB
06 Nov 23,HO CHAK PTY LTD CHATSWOOD,-4.03,NAB
06 Nov 23,SQ *PORTAFILTER Sydney,-4.0,NAB
06 Nov 23,TRANSPORTFORNSW TAP SYDNEY,-4.0,NAB
03 Nov 23,MamaksMLC Sydney,-17.5,NAB
03 Nov 23,ALDI STORES - EASTWOOD EASTWOOD,-1.05,NAB
02 Nov 23,PAYPAL *DIGITALIMAG 01300889148,-1194.84,NAB
02 Nov 23,OPEN SKY PSYCHOLOGY MELBOURNE,-190.0,NAB
02 Nov 23,SQ *18213987806 West Ryde,-57.0,NAB
02 Nov 23,OFFICEWORKS 0230 WEST RYDE,-33.99,NAB
02 Nov 23,OFFICEWORKS 0230 WEST RYDE,-3.3,NAB
02 Nov 23,OFFICEWORKS 0230 WEST RYDE,-0.45,NAB
02 Nov 23,NAB INTNL TRN FEE REV -MC,23.43,NAB
02 Nov 23,NOMADIC ID LONDON,781.01,NAB
01 Nov 23,DISPUTE ITEM RAISED - $798.70,0.0,NAB
31 Oct 23,SQ *18213987806 West Ryde,-52.0,NAB
31 Oct 23,Ko-E Sushi WEST RYDE,-23.35,NAB
30 Oct 23,NOMADIC ID LONDON,-797.7,NAB
30 Oct 23,OGALO OXFORD ST Darlinghurst,-37.35,NAB
30 Oct 23,MALAY MALAY SYDNEY,-34.48,NAB
30 Oct 23,NAB INTNL TRAN FEE - (MC),-23.93,NAB
30 Oct 23,SQ *LETAO SYDNEY Sydney,-20.29,NAB
30 Oct 23,SQ *SWEETMONSTER Redfern,-18.31,NAB
30 Oct 23,YOMIE'S RICE X YOGURT Haymarket,-13.91,NAB
30 Oct 23,JONES ST CAFE ULTIMO,-4.5,NAB
30 Oct 23,SQ *PORTAFILTER Sydney,-4.0,NAB
27 Oct 23,OPEN SKY PSYCHOLOGY MELBOURNE,-50.0,NAB
27 Oct 23,MamaksMLC Sydney,-18.24,NAB
27 Oct 23,EDITION ROASTERS MC Sydney,-6.5,NAB
27 Oct 23,EDITION ROASTERS MC Sydney,-5.0,NAB
26 Oct 23,MamaksMLC Sydney,-17.5,NAB
26 Oct 23,EDITION ROASTERS MC Sydney,-12.0,NAB
25 Oct 23,Boom Cafe Eastwood,-50.45,NAB
25 Oct 23,AMAZON MARKETPLACE AU SYDNEY SOUTH,-37.98,NAB
25 Oct 23,TRANSPORTFORNSW TAP SYDNEY,-2.24,NAB
24 Oct 23,TAN VIET DARLG SQ PL HAYMARKET,-68.57,NAB
24 Oct 23,AMZNPRIMEAU MEMBERSHIP SYDNEY SOUTH,-9.99,NAB
23 Oct 23,ANACONDA PTY LTD STH MELBOURNE,-158.98,NAB
23 Oct 23,SMP*Unkles Eastwood Eastwood,-56.92,NAB
23 Oct 23,SQ *KAPPUCCINO Ultimo,-19.1,NAB
23 Oct 23,JONES ST CAFE ULTIMO,-15.0,NAB
23 Oct 23,EDITION ROASTERS MC Sydney,-5.0,NAB
20 Oct 23,DR MEI-HENG TAN EASTWOOD,-400.0,NAB
20 Oct 23,CHEMIST WAREHOUSE EASTWOOD,-33.38,NAB
20 Oct 23,SQ *JIAN BING Eastwood,-15.3,NAB
20 Oct 23,LA VIGNE BAKERY EASTWOOD,-6.0,NAB
19 Oct 23,SQ *LIM'S HOT BREAD Eastwood,-12.2,NAB
18 Oct 23,PROUDS 200 SYDNEY,-149.0,NAB
18 Oct 23,SP MILLIGRAM MELBOURNE,-139.0,NAB
18 Oct 23,THE OLD ROAD CAFE MOUNT WHITE,-33.0,NAB
18 Oct 23,Cali Press Pty Ltd Sydney,-11.09,NAB
18 Oct 23,BAR FINO SYDNEY,-10.0,NAB
18 Oct 23,WW METRO/189 PITT STREET SYDNEY,-5.64,NAB
18 Oct 23,EDITION ROASTERS MC Sydney,-5.0,NAB
18 Oct 23,YY CAFE PTY LTD EASTWOOD,-4.5,NAB
17 Oct 23,MOUNTAIN GROWERS MKT PEATS RIDGE,-6.0,NAB
17 Oct 23,MOUNTAIN GROWERS MKT PEATS RIDGE,-4.0,NAB
16 Oct 23,POTCHEN PTY LTD EASTWOOD,-118.55,NAB
16 Oct 23,PAYPAL *NSWBJJFEDER 4029357733,-85.0,NAB
16 Oct 23,SQ *HAWKESBURY RIVER OYSTMooney Mooney,-33.48,NAB
16 Oct 23,KMALL09 EASTWOOD EASTWOOD,-11.09,NAB
16 Oct 23,HMART GROUP PTY LTD EASTWOOD,-9.22,NAB
16 Oct 23,COLES 0968 West Ryde,-5.6,NAB
16 Oct 23,JONES ST CAFE ULTIMO,-4.5,NAB
16 Oct 23,GACHA GACHA PLUS PTY L SYDNEY,-3.9,NAB
13 Oct 23,YAJUAN TANG SYDNEY,-61.0,NAB
13 Oct 23,Milksha Sydney Sydney,-8.0,NAB
13 Oct 23,EDITION ROASTERS MC Sydney,-5.0,NAB
11 Oct 23,SAMMY JUNIOR Sydney,-5.08,NAB
11 Oct 23,EDITION ROASTERS MC Sydney,-5.0,NAB
10 Oct 23,SYDNEY WATER INT PYMT PARRAMATTA,-180.38,NAB
10 Oct 23,EB GAMES NORTH RYDE,-33.5,NAB
10 Oct 23,MCDONALDS WYNYARD RL SYDNEY,-14.0,NAB
10 Oct 23,WOOLWORTHS/ROWE ST EASTWOOD,-7.7,NAB
10 Oct 23,Breadtop Eastwood Eastwood,-6.87,NAB
10 Oct 23,FRIENDLY GROCER PYRM PYRMONT,-1.5,NAB
09 Oct 23,SYDNEY CITY THAI MASSA HAYMARKET,-110.65,NAB
09 Oct 23,YAJUAN TANG SYDNEY,-61.0,NAB
09 Oct 23,BWS LIQUOR/EASTWOOD VLG SEASTWOOD,-29.0,NAB
09 Oct 23,EDITION ROASTERS MC Sydney,-5.0,NAB
09 Oct 23,FB AU PTY LTD EASTWOOD,-2.0,NAB
09 Oct 23,CASH/TRANSFER PAYMENT - THANK YOU,3734.83,NAB
06 Oct 23,+ANNUAL FEE,-295.0,NAB
06 Oct 23,Better Batt Pty. Ltd. 61390246914,-44.98,NAB
06 Oct 23,JONES ST CAFE ULTIMO,-28.3,NAB
06 Oct 23,AIRPORT RETAIL ENTERPR NORTHGATE,-25.28,NAB
06 Oct 23,MamaksMLC Sydney,-17.5,NAB
05 Oct 23,THE Q ON HARRIS Ultimo,-41.0,NAB
05 Oct 23,SHAH JUICE PTY LTD SYDNEY,-9.5,NAB
05 Oct 23,SQ *DEDYS CAFE & PASTRIESSydney,-9.13,NAB
04 Oct 23,METRO SOUTHPORT SOUTHPORT,-7.8,NAB
03 Oct 23,MAD MEX SD2 MASCOT,-18.1,NAB
03 Oct 23,SQ *HEERETEA SUNNYBANK Sunnybank,-7.5,NAB
02 Oct 23,THE INSTITUTE OF ACTUARIESYDNEY,-1720.0,NAB
02 Oct 23,CERA HOLDINGS PTY LT MORNINGTON,-644.0,NAB
02 Oct 23,SQ *KAPPUCCINO Ultimo,-33.0,NAB
02 Oct 23,PULP+GRIND SYD T2 Mascot,-14.05,NAB
02 Oct 23,EDITION ROASTERS MC Sydney,-5.0,NAB
29 Sep 23,Machi Machi Eastwood Eastwood,-8.12,NAB
28 Sep 23,NOMADIC ID LONDON,-783.08,NAB
28 Sep 23,NAB INTNL TRAN FEE - (MC),-23.49,NAB
